title,url,authors,year,journal,abstract,citations
Innovation inanalogical design: A model-based approach,https://link.springer.com/chapter/10.1007/978-94-011-0928-4_4,S Bhatta,1994,Springer,"… of conceptual (or preliminary, qualitative)designof physical devices. In particular, we are …inanalogicaldesign: our core hypothesis is that innovativeanalogicaldesigninvolves both …",148
"Design,analogy, and creativity",https://ieeexplore.ieee.org/abstract/document/590078/,AK Goel- IEEE expert,1997,ieeexplore.ieee.org,"… onanalogy-based creativedesign, this article first examines characterizations of creativedesignand then analyzes theories ofanalogicaldesign… ofanalogy-based creativedesign, the …",530
Use ofdesignpatterns inanalogy-baseddesign,https://www.sciencedirect.com/science/article/pii/S1474034604000163,AK Goel,2004,Elsevier,… patterns specify generic relations among abstractdesignelements. We hypothesize thatdesignpatterns are productive units ofanalogicaltransfer indesign. We describe a normative …,161
The impact of designers' goals ondesign-by-analogy,https://www.sciencedirect.com/science/article/pii/S0142694X17300261,L Alipour,2017,Elsevier,… onanalogicaldesignoutcome. Participants consist of 130 architecture students involved ina … We conclude thatdesignexpertise can enhance students' ability inanalogicaldesignwith …,41
[BOOK][B]Analog designessentials,https://books.google.com/books?hl=en&lr=&id=d-Mv4nxmaPMC&oi=fnd&pg=PA5&dq=Analogical+Design&ots=nCjYZURm4b&sig=4BNxom1z6ghyS1KYdTrHcuMqYuU,WM Sansen,2007,books.google.com,"… 012 For thedesignofanalogintegrated circuits, we need to be able to predict the performanceby means of simple expressions. As a result, simple models are required. This means that …",1121
Visualanalogyas a cognitive strategy in thedesignprocess. Expert versus novice performance,https://www.inderscienceonline.com/doi/abs/10.1504/JDR.2004.009846,H Casakin- journal ofDesignResearch,2004,inderscienceonline.com,… Abstract: This study investigated the use of visualanalogyin architecturaldesign. Its …apply visualanalogicalthinking to generate satisfactory solutions during thedesignprocess. …,210
Creativedesignbyanalogy,https://link.springer.com/content/pdf/10.1007/978-1-4471-3717-7_15?pdf=chapter%20toc,L Qian - …DesignSynthesis: Understanding,2002,Springer,"…analogicalreasoning techniques indesigninvolve transformationalanalogyand derivationalanalogy[1,3,15] as thedesign… intro duces usinganalogyindesignexploration to expand …",12
[BOOK][B]Analogintegrated circuitdesign,https://books.google.com/books?hl=en&lr=&id=1OIJZzLvVhcC&oi=fnd&pg=PP1&dq=Analogical+Design&ots=QRK_3gLRhc&sig=gc5A0iXTjxbLWqaIcHVP4hR75bw,TC Carusone,2011,books.google.com,"… This is a reality ofanalogdesign, and the SPICE examples in this book are no exception.This is, of itself, a valuable lesson to the student ofanalogdesign. It illustrates, through practice, …",5981
[BOOK][B]CMOSanalogcircuitdesign,https://books.google.com/books?hl=en&lr=&id=N42wM6vtAhkC&oi=fnd&pg=PP2&dq=Analogical+Design&ots=Rwopyab78Q&sig=HV8Q4bJ6rstnTB-f-cao5aVgChA,PE Allen,2011,books.google.com,… requires experience and circuitdesigntalent. With integrated … goodanalogexamples forteaching engineersanalogdesign… is helped through the science and art of goodanalogdesign. …,6092
[BOOK][B]Analysis anddesignofanalogintegrated circuits,https://books.google.com/books?hl=en&lr=&id=6aXvOF4coukC&oi=fnd&pg=PA1&dq=Analogical+Design&ots=JUUlk6B5L8&sig=4QcC7Lwf5Ojyj1H67nPO9rKHxGA,PR Gray,2009,books.google.com,"… with the analysis anddesignof ICs, a … ICdesignis a great advantage to an IC user. This isparticularly apparent when the user must choose from among a number of competingdesigns…",1401
[BOOK][B]Designwith operational amplifiers andanalogintegrated circuits,https://www.academia.edu/download/54104783/Design_with_Operational_Amplifiers_and_Analog_Integrated_Circuits_-_Sergio_Franco.pdf,S Franco,2002,academia.edu,"… In fact, the prevailing attitude is to regard the 01' amp as just another component, a viewpointthat has had a profound impact on the way we think ofanalogcircuits anddesignthem …",1845
[BOOK][B]Designofanalogfilters,https://www.academia.edu/download/90098414/324087438.pdf,R Schaumann,2001,academia.edu,4.1DesignParameters: Q and u> o 125 4.2 The Second-Order Circuit 129 4.3 FrequencyResponse of Lowpass and Bandpass Circuits 136 4.4 Integrators: The Effects of A (s) 147 4.4. …,1664
CMOS technology characterization foranalogand RFdesign,https://ieeexplore.ieee.org/abstract/document/748177/,B Razavi- IEEE journal of solid-state circuits,2002,ieeexplore.ieee.org,"…analogdesignin a new technology can be greatly simplified if measured data points describingtheanalog… In fact, such data points do become available asanalogdesigners begin to …",365
Characterisation and modeling of mismatch in MOS transistors for precisionanalog design,https://ieeexplore.ieee.org/abstract/document/1052648/,KR Lakshmikumar,2003,ieeexplore.ieee.org,… Abstract —This paper is concerned with thedesignof precision MOS anafog circuits. …transistor matching studies to thedesignof a high-performancedigital-to-analogconverter (DAC). A …,948
[BOOK][B]DesignofanalogCMOS integrated circuits,https://books.google.com/books?hl=en&lr=&id=hl6JZ8DKlFwC&oi=fnd&pg=PR7&dq=Analogical+Design&ots=GvAUCtkQOg&sig=992vISwIzI6EhU4LaLrigTF9eJU,B Razavi- 2005,2005,books.google.com,"… onanalogdesign, we cover only a bare minimum of MOS device physics at the beginning,leaving more advanced properties and fabrication details for later chapters. To an expert, the …",12851
A tutorial introduction to research onanalogand mixed-signal circuit testing,https://ieeexplore.ieee.org/abstract/document/728852/,LS Milor- … on Circuits and Systems II:Analogand Digital Signal …,2002,ieeexplore.ieee.org,"… in random differences between physically adjacent devices inanalogcomponents, whichgives rise to mismatch, to which manyanalogdesignsare very sensitive. Modeling mismatch …",417
Hybrid digital andanalogbeamformingdesignfor large-scale antenna arrays,https://ieeexplore.ieee.org/abstract/document/7389996/,F Sohrabi,2016,ieeexplore.ieee.org,"… CombiningDesignfor NRF = Ns Finally, we seek todesignthe … RF PrecoderDesignNow,we seek todesignthe RF precoder … Our overall strategy is to iterate between thedesignof ZF …",1498
[BOOK][B]AnalogVLSI: circuits and principles,https://books.google.com/books?hl=en&lr=&id=ewqb4aurZtMC&oi=fnd&pg=PP15&dq=Analogical+Design&ots=UlHB_Wl2Cs&sig=AaWSl8zfC-GbNrjmSOzA28NLczo,SC Liu- 2002,2002,books.google.com,"… It presents the central concepts required for creative and successfuldesignofanalogvery-…analogcircuits. Consequently, our book biases the discussion ofanalogprinciples anddesign…",368
Thedesignof high-performanceanalogcircuits on digital CMOS chips,https://ieeexplore.ieee.org/abstract/document/1052365/,EA Vittoz- IEEE Journal of Solid-State Circuits,2003,ieeexplore.ieee.org,"… merits, and on additional specifications required to apply devices inanalogcircuits. Somebasic compatibleanalogcircuit techniques and their related tradeoffs are then surveyed by …",400
"[BOOK][B]CMOS: circuitdesign, layout, and simulation",https://books.google.com/books?hl=en&lr=&id=payXDwAAQBAJ&oi=fnd&pg=PR33&dq=Analogical+Design&ots=fD-D996Y_g&sig=722-XhyLvMduV75uHcqvar2RKXA,RJ Baker- 2019,2019,books.google.com,"… of CMOSanalogand digital ICdesignThe fourth edition of CMOS: CircuitDesign, Layout,and Simulation is an updated guide to the practicaldesignof bothanalogand digital …",6257
[BOOK][B]AnalogVLSI implementation of neural systems,https://books.google.com/books?hl=en&lr=&id=oNjTBwAAQBAJ&oi=fnd&pg=PP7&dq=Analogical+Design&ots=Ijz_kE2nlU&sig=KIgBrS8U9myz-x7Fx-GUGKiD4pE,C Mead,2012,books.google.com,"… chip, and (2) eachdesignwas not to have been published … attention to the shortcomingsof theirdesigns, as well as to … our knowledge, the first neural-chipdesign. In each case, the …",5152
Large-scale antenna systems with hybridanalogand digital beamforming for millimeter wave 5G,https://ieeexplore.ieee.org/abstract/document/7010533/,S Han,2015,ieeexplore.ieee.org,"…analogand digital beamforming structures can be important alternative choices. In this article,optimaldesigns… Optimalanalogand digital beamformingdesignsin a multi-user beamform…",1423
MOSFET modeling foranalogcircuit CAD: Problems and prospects,https://ieeexplore.ieee.org/abstract/document/278342/,YP Tsividis,2002,ieeexplore.ieee.org,"… Abstract-The requirements for good MOSFET modeling are discussed, as they apply tousage inanalogand mixed analogiligitsldesign. A set of benchmark tests that can be easily …",304
Designand cryptanalysis of transform-basedanalogspeech scramblers,https://ieeexplore.ieee.org/abstract/document/223875/,B Goldburg,1993,ieeexplore.ieee.org,… many advantages over theanalogschemes. To make the distinction betweenanaloganddigital … Analog scramblers produce scrambled speech which is ananalogsignal occupying the …,97
Analog-to-digital conversion,https://link.springer.com/chapter/10.1007/978-1-4614-1371-4_8,MJM Pelgrom-Analog-to-Digital Conversion,2012,Springer,… One of the major differences in thedesignof CMOS and bipolaranalog-to-digital convertersis the lack of accuracy in CMOS comparators. A bipolar differential pair has a random offset …,522
"Designtechniques for high-speed, high-resolution comparators",https://ieeexplore.ieee.org/abstract/document/173122/,B Razavi,2002,ieeexplore.ieee.org,"… precision techniques for thedesignof comparators used in high-performanceanalog-to-dig…Following a review of conventional offset cancellation techniques, circuitdesignsachieving …",771
[BOOK][B]Computer-controlled systems: theory anddesign,https://books.google.com/books?hl=en&lr=&id=TynEAgAAQBAJ&oi=fnd&pg=PP1&dq=Analogical+Design&ots=ohKRxXCjkm&sig=Ae9_n_xewj6x4adcp4e2T9cqFnM,KJ Åström,2013,books.google.com,"…designmethods, we present general aspects of thedesignof … equipment, sometimesanalogdesignsof controllers may be … to have methods to translateanalogdesignsto digital control …",11001
ISAAC: A convolutional neural network accelerator with in-situanalogarithmetic in crossbars,https://dl.acm.org/doi/abs/10.1145/3007787.3001139,A Shafiee,2016,dl.acm.org,… are amenable toanalogcomputations and that can reduce the high overheads ofanalog-to-…required in ananalogCNN accelerator and carry out adesignspace exploration to identify …,2344
Designprocedures for a fully differential folded-cascode CMOS operational amplifier,https://ieeexplore.ieee.org/abstract/document/45013/,S Mallya,2002,ieeexplore.ieee.org,"… , standardizedanalogdesignmethodology. We also foresee this approach being appliedinanalogdesignautomation systems. The relative simplicity of thesedesignequations makes …",181
[BOOK][B]Electronic circuit analysis anddesign,https://www.just.edu.jo/FacultiesandDepartments/FacultyofEngineering/Departments/BiomedicalEngineering/Documents/Syllabus%20BME-314%20-%20Medical%20Electronics%20II.pdf,DA Neamen,2001,just.edu.jo,"… Study thedesignofanalogsystems using operational amplifiers [b, c]. Understand themethodology for using op-amps todesignop-amp base amplifiers, oscillators and comparators. …",445
Extending the concept ofanalogButterworth filter for fractional order systems,https://www.sciencedirect.com/science/article/pii/S0165168413002910,A Acharya,2014,Elsevier,"…designtoanalogButterworth filterdesignusing w-plane stability notion for FO systems.Existing state of the artdesign… work, theanalogFBWF can be transformed todesignhigh-pass, …",100
[BOOK][B]Mobile cellular telecommunications:analogand digital systems,https://dl.acm.org/doi/abs/10.5555/555761,WCY Lee,1995,dl.acm.org,"… provides a complete technical description of thedesign,analysis,and maintenance of cellular… with updated coverage of the practical concepts,designtechniques,and operation of mobile …",2536
Neurogrid: A mixed-analog-digital multichip system for large-scale neural simulations,https://ieeexplore.ieee.org/abstract/document/6805187/,BV Benjamin,2014,ieeexplore.ieee.org,… This paper describes thedesignof the first hardware system to provide computationalneuroscientists with the capability of performing biological real-time simulations of a million …,1518
60 GHz wireless communications: Emerging requirements anddesignrecommendations,https://ieeexplore.ieee.org/abstract/document/4457895/,RC Daniels,2008,ieeexplore.ieee.org,"… It is possible to include better reference oscillators, but this significantly increases theanalogdesigncost. Assuming the same reference oscillator, 60 GHz signals suffer from phase …",719
[BOOK][B]Top-downdesignof high-performance sigma-delta modulators,https://books.google.com/books?hl=en&lr=&id=x-5BkJuRzaYC&oi=fnd&pg=PR11&dq=Analogical+Design&ots=iT65UMvz9y&sig=qVXPsXBXzpAw3aityGxE9rzvR4g,F Medeiro,1998,books.google.com,"… In our view, a clear methodology is necessary in ΣΔ modulatordesign…design. Simulationitself is also a challenge because flat electrical simulation - the usual strategy foranalogdesign…",406
Ultra-wide bandwidth time-hopping spread-spectrum impulse radio for wireless multiple-access communications,https://ieeexplore.ieee.org/abstract/document/843135/,MZ Win,2000,ieeexplore.ieee.org,"…analogand digital modulation formats are described in this paper. For theanalogimpulseradio,analog… must test, while in theanalogdesign, the constraint of maintaining linearity in the …",3556
From theory to practice: Sub-Nyquist sampling of sparse widebandanalogsignals,https://ieeexplore.ieee.org/abstract/document/5419072/,M Mishali,2010,ieeexplore.ieee.org,… We wish todesigna sampling system for signals from the model … with existinganalogdevices and (preferably low-rate) ADCs. Together with the sampling stage we need todesigna …,1550
Embracing wireless interference:Analognetwork coding,https://dl.acm.org/doi/abs/10.1145/1282427.1282425,S Katti,2007,dl.acm.org,… foranalog…designthat exploitsanalognetwork coding to increase network throughput.Our contributions can be summarized as follows: • We present a novel algorithm foranalog…,1675
A 14-bit intrinsic accuracy Q/sup 2/random walk CMOS DAC,https://ieeexplore.ieee.org/abstract/document/808896/,GAM Van der Plas,2002,ieeexplore.ieee.org,…designautomation ofanalog-to-digital and digital-to-analog…designanddesignautomationofanalogintegrated circuits. …designautomation and in numerousanalogintegrated circuit …,455
"Joint radar and communicationdesign: Applications, state-of-the-art, and the road ahead",https://ieeexplore.ieee.org/abstract/document/8999605/,F Liu,2020,ieeexplore.ieee.org,"… precoder and a desired radar transmit beampattern, we propose todesigntheanalog…Our goal is todesigntheanalogand the digital beamforming matrices FRF and FBB to jointly …",1699
Designconsiderations for direct-conversion receivers,https://ieeexplore.ieee.org/abstract/document/592569/,B Razavi- … on Circuits and Systems II:Analogand Digital Signal …,1997,ieeexplore.ieee.org,"… The goal of this paper is to describe the issues and tradeoffs in thedesignof direct-conversionreceivers (DCR’s) and propose possible circuit … In Section IV, we analyzedesignissues …",1762
Direct-conversion radio transceivers for digital communications,https://ieeexplore.ieee.org/abstract/document/482187/,AA Abidi- IEEE Journal of solid-state circuits,1995,ieeexplore.ieee.org,"… Otherwise, DSP-based offset-removal must supplement good FG and basebandanalogdesignin the receiver. Inspired by the simplicity of the paging receiver, our research group at …",1564
Full duplex radios,https://dl.acm.org/doi/abs/10.1145/2486001.2486033,D Bharadia,2013,dl.acm.org,"… First, wedesigndynamic algorithms to estimate the distortions introduced byanalogcircuitsand … Second, wedesigna novel programmableanalogcancellation circuit using off-the-shelf …",2652
A functional basis for engineeringdesign: reconciling and evolving previous efforts,https://link.springer.com/article/10.1007/s00163-001-0008-3,J Hirtz,2002,Springer,"…designrepositories, support for new knowledge-baseddesignmethods such asdesignbyanalogy,designfor manufacturing and product architecture, and a teaching tool fordesign…",1675
Theory anddesignfor mechanical measurements,https://iopscience.iop.org/article/10.1088/0957-0233/12/10/701/meta,RS Figliola,2001,iopscience.iop.org,"… Page 36: `Analogdescribes a signal that is continuous in time'. Alas, not so,analog… theoryof measurements for one not already thoroughly familiar with thedesignof actual instruments. …",2404
"Enhancing mental models,analogicaltransfer, and performance in strategic decision making",https://onlinelibrary.wiley.com/doi/abs/10.1002/smj.1979,MS Gary,2012,Wiley Online Library,… Thisdesignenabled us to examineanalogicaltransfer between the two structurallyequivalent management situations and also identify any asymmetries of transfer from one task to …,184
"A 1.5-V, 10-bit, 14.3-MS/s CMOS pipelineanalog-to-digital converter",https://ieeexplore.ieee.org/abstract/document/760369/,AM Abo,2002,ieeexplore.ieee.org,"… The reduction in supply voltage introduces several factors that complicate thedesignoflow-voltage,analogcircuits. This discussion focuses specifically on CMOS switched-capacitor …",1550
Strategy making in novel and complex worlds: The power ofanalogy,https://onlinelibrary.wiley.com/doi/abs/10.1002/smj.475,G Gavetti,2005,Wiley Online Library,"…analogicalreasoning. With respect to managerial characteristics, we find, not surprisingly,thatanalogical… We also discover that following ananalogyin too orthodox a manner—strictly …",1061
"[BOOK][B]Oversampling delta-sigma data converters: theory,design, and simulation",https://books.google.com/books?hl=en&lr=&id=-9m-EAAAQBAJ&oi=fnd&pg=PR9&dq=Analogical+Design&ots=lDknfGVpbY&sig=Tw9eK_5QIbnnvy9MdN9MeWd0f5M,JC Candy,1991,books.google.com,"… thedesignof high speedanalog…designof efficient and economic decimating and interpolatingfilters poses interesting problems in digital signal processing, as also does thedesignof …",1187
Optimum receiverdesignfor wireless broad-band systems using OFDM. I,https://ieeexplore.ieee.org/abstract/document/803501/,M Speth,1999,ieeexplore.ieee.org,"… In the receiverdesign, we follow the principle of synchronized detection [10]. The receiver is… Using these guard bands, the (periodic) spectrum is limited by using an appropriateanalog…",1259
An analytical MOS transistor model valid in all regions of operation and dedicated to low-voltage and low-current applications,https://link.springer.com/article/10.1007/BF01239381,CC Enz,1995,Springer,…Analogdesigners therefore need a model of the MOS …Analogdesignsoften exploit thefunctional and structural source-drain symmetry of the transistor. A good model foranalogmust …,1620
The CNN universal machine: ananalogicarray computer,https://ieeexplore.ieee.org/abstract/document/222815/,T Roska,1993,ieeexplore.ieee.org,… The ultimate goal of the CNNanalogicsoftwaredesignis to solve real life problemsusing CNN hardware to execute these programs. Although the CNN universal chip is not yet …,1389
MOS operational amplifierdesign-a tutorial overview,https://ieeexplore.ieee.org/abstract/document/1051851/,PR Gray,2003,ieeexplore.ieee.org,"… These amplifiers are key elements of mostanalogsubsystems, particu…designof op ampsfor use within single-chipanalog-digital LSI systems, and the particular problems of thedesign…",711
Analogplacement with common centroid constraints,https://ieeexplore.ieee.org/abstract/document/4397327/,Q Ma,2007,ieeexplore.ieee.org,"… In today’s SoCdesigns, both digital andanalogparts of a circuit will be implemented on onechip. Placement of theanalogpart is an error prone and time-consuming process. Inanalog…",64
"Questions, options, and criteria: Elements ofdesignspace analysis",https://www.taylorfrancis.com/chapters/edit/10.1201/9781003064053-4/questions-options-criteria-elements-design-space-analysis-allan-maclean-richard-young-victoria-bellotti-thomas-moran,A MacLean,2020,taylorfrancis.com,"… We discuss the rolesanalogycan play indesignmore fully in MacLean et a!. (1991), so weonly give two btief examples here. First, analogies can have the same role as theories and …",1485
VHDL-AMS-a hardware description language foranalogand mixed-signal applications,https://ieeexplore.ieee.org/abstract/document/799677/,E Christen,2002,ieeexplore.ieee.org,"… In Section II, we describe the foundations of VHDL-AMS: thedesignobjectives that guidedthe development of VHDL-AMS, the base language VHDL 1076-1993, and the mathematical …",427
"Pharmacokinetics and pharmacodynamics of subcutaneous injection of long-acting human insulinanalogglargine, NPH insulin, and ultralente human insulin and …",https://diabetesjournals.org/diabetes/article-abstract/49/12/2142/12552,M Lepore,2000,diabetesjournals.org,"… of the long-acting insulinanalogglargine has a peakless, … With the notable limitation of thedesignof studies mentioned … the long-acting insulinanalogglargine meets the criteria of a …",1142
[BOOK][B]Feedback control of dynamic systems,https://www.academia.edu/download/39180354/FPE-Ch8-Digital_Control.pdf,GF Franklin,2010,academia.edu,"… The intent of this chapter is to expand on thedesignof control systems … , which need to beaddressed in the controllerdesign. … We consider first the action of theanalog-to-digital (AID) …",6890
Designing 1-V op amps using standard digital CMOS technology,https://ieeexplore.ieee.org/abstract/document/700924/,BJ Blalock,2002,ieeexplore.ieee.org,… not be modified in any way to accommodate theanalogcircuits. Some of the 1-V-capableanalogcircuit building blocks described in this paper were used todesigna 1-V CMOS op amp …,544
"[CITATION][C]Digitaldesign: principles and practices, 4/E",,JF Wakerly,2008,Pearson Education India,,1710
Optical filterdesignand analysis: a signal processing approach,https://onlinelibrary.wiley.com/doi/abs/10.1002/0471213756,CK Madsen,1999,Wiley Online Library,"… A Unique, Cutting-Edge Approach to Optical FilterDesignWith more and more information… presents digital processing techniques for optical filterdesign. This higher-level approach …",1337
Analog-to-digital converter survey and analysis,https://ieeexplore.ieee.org/abstract/document/761034/,RH Walden - IEEE Journal on selected areas in …,1999,ieeexplore.ieee.org,"… and theanalogwaveform are strongly correlated. In a more typical case, theanaloginput …Thedesignemphasis may render SNR more important in some cases and SFDR more …",2942
A 10-bit 100-MS/s reference-free SAR ADC in 90 nm CMOS,https://ieeexplore.ieee.org/abstract/document/5482529/,Y Zhu,2010,ieeexplore.ieee.org,… theAnalogand …designcompany in Macau for devoting advancedanalogand mixed-signalSemiconductor IP product development. He is currently the corporate SeniorAnalogDesign…,763
Hybrid beamforming for massive MIMO: A survey,https://ieeexplore.ieee.org/abstract/document/8030501/,AF Molisch,2017,ieeexplore.ieee.org,"… hybrid beamformerdesignis the coupling amonganalogand digital beamformers, andbetween the beamformers at TX and RX. This motivates decoupling the beamformerdesignsfor …",1279
A 240× 180 130 db 3 µs latency global shutter spatiotemporal vision sensor,https://ieeexplore.ieee.org/abstract/document/6889103/,C Brandli,2014,ieeexplore.ieee.org,"… theanalogparts of the pixel are built with a 3.3 V power supply, requiring large n-welldesign… V n-well, a compactdesignis achieved by using only the 1.8 V n-welldesignrules for the p-…",1294
Limited feedback hybrid precoding for multi-user millimeter wave systems,https://ieeexplore.ieee.org/abstract/document/7160780/,A Alkhateeb,2015,ieeexplore.ieee.org,"… For this analysis, we adopt the beamsteering codebook for thedesignof theanalogbeamforming/combining vectors. We also assume that the effective channels in the second stage of …",1366
"Active learning: Effects of core trainingdesignelements on self-regulatory processes, learning, and adaptability.",https://psycnet.apa.org/journals/apl/93/2/296.html?uid=2008-02855-005,BS Bell,2008,psycnet.apa.org,"… trial to assessanalogicaltransfer, so the format (eg, duration, rules) and difficulty level (eg,number of targets) were consistent with the prior training trials. Thus, in thisdesignanalogical…",1182
Point-to-point connectivity between neuromorphic chips using address events,https://ieeexplore.ieee.org/abstract/document/842110/,KA Boahen- … Circuits and Systems II:Analogand Digital Signal …,2002,ieeexplore.ieee.org,"… At this level, we make architecturaldesigndecisions that simplify thedesignand minimize its… logic circuitdesign, we now turn our attention to the pitfalls of mixed-analog–digital design. …",842
[BOOK][B]Frequency selective surfaces: theory anddesign,https://books.google.com/books?hl=en&lr=&id=9pNMhRQrpScC&oi=fnd&pg=PR7&dq=Analogical+Design&ots=FLhEg07IOx&sig=QAWczGwplgzPQkv3pC_olSLWYGU,BA Munk,2005,books.google.com,"… CircuitAnalogAbsorbers So far we have considered only lossless structures. However,periodic surfaces not only can be made of lossy material but at the same time can be very useful. …",6987
"[BOOK][B]Delta-sigma modulators: modeling,designand applications",https://books.google.com/books?hl=en&lr=&id=vgVqDQAAQBAJ&oi=fnd&pg=PR5&dq=Analogical+Design&ots=qJxz1IlZJz&sig=8_V2k7oXQJ6EPTKxrU8CKBEUwwA,GI Bourdopoulos,2003,books.google.com,"… It is an academically challenging system, because it involvesanalogand/or digital issues …in thedesignofAnalog-toDigital Converters and Digital-to-AnalogConverters predominates. A …",179
[CITATION][C]Designofanalogintegrated circuits and systems,https://cir.nii.ac.jp/crid/1130282271444845440,KR Laker,1994,cir.nii.ac.jp,"Designofanalogintegrated circuits and systems | CiNii Research …Designofanalogintegrated circuits and systems … タイトル ""Designofanalogintegrated circuits and systems"" …",1300
Simple accurate expressions for planar spiral inductances,https://ieeexplore.ieee.org/abstract/document/792620/,SS Mohan,1999,ieeexplore.ieee.org,"… Our simple expressions are accurate enough fordesignand optimization of inductors or ofcircuits incorporating inductors. Indeed, since inductor tolerance is typically on the order of sev…",2174
Alternating minimization algorithms for hybrid precoding in millimeter wave MIMO systems,https://ieeexplore.ieee.org/abstract/document/7397861/,X Yu,2016,ieeexplore.ieee.org,"… Based on the two closed-form solutions for theanalogand digital precoders, we summarizeour newdesignas the PEAltMin Algorithm. There are several issues involved in the PE-…",1448
A low-power CMOS VGA for 50 Mb/s disk drive read channels,https://ieeexplore.ieee.org/abstract/document/392312/,R Harjani- … Circuits and Systems II:Analogand Digital Signal …,2002,ieeexplore.ieee.org,"… One of ourdesigngoals is to maintain a fairly constant group delay through the system. In…analogCAD techniques, low poweranalogdesign, disk drive electronics andanalogand …",289
communication systems: an introduction to signal noise in electrical communication,https://library.stik-ptik.ac.id/detail?id=36176&lokasi=lokal,AB Carlson,2002,library.stik-ptik.ac.id,… Equal attention is then given to the analysis anddesignofanalogand digital … significanceand as illustrations of concepts anddesignstrategies. Hardware considerations are also …,3162
[BOOK][B]Designthinking: Understanding how designers think and work,https://books.google.com/books?hl=en&lr=&id=HISpEAAAQBAJ&oi=fnd&pg=PR1&dq=Analogical+Design&ots=r0sjzy2EGT&sig=RJYtd83Os_cLbOLzmc6oLW8poVk,N Cross- 2023,2023,books.google.com,"… ofdesignthinking, which grew from the study ofdesignprocesses,designreasoning anddesign…Analogicalthinking indesignhas been studied quite extensively. For example, Martin …",2878
[BOOK][B]Digital signal processing: a practical guide for engineers and scientists,https://books.google.com/books?hl=en&lr=&id=PCrcintuzAgC&oi=fnd&pg=PP1&dq=Analogical+Design&ots=TwJ1ggUHbF&sig=MNQ1Fyk3kn1JhxlwnJ7d7z-Kr1c,S Smith,2003,books.google.com,"… Suppose we attach ananalog-to-digital converter to a … As ananalogy, DSP can be comparedto a previous … engineer has some background in basic circuitdesign. Without it, they would …",1525
[BOOK][B]Millimeter wave wireless communications,https://books.google.com/books?hl=en&lr=&id=_Tt_BAAAQBAJ&oi=fnd&pg=PR9&dq=Analogical+Design&ots=8Py1nmBK3w&sig=W8XBcqk0dNqLL-G88tTP8qbOL3c,TS Rappaport,2015,books.google.com,"… treatment ofanalogcircuitdesignand provides fundamental treatment of keydesignchallenges… Background is provided on several topics, includinganalogmillimeter wave transistors, …",1736
[CITATION][C]High speed digitaldesign: a handbook of black magic,,H Johnson,1993,Pearson Education India,,1745
[BOOK][B]Microwave and RFdesignof wireless systems,https://books.google.com/books?hl=en&lr=&id=QDX-DwAAQBAJ&oi=fnd&pg=PA11&dq=Analogical+Design&ots=j4x5Cmbn1n&sig=A5ugQik2JfnhXQ_-HcqrGzjNFK4,DM Pozar,2000,books.google.com,"…analogform with a digital-to-analogconverter(DAC). Similarly, the transmission of basebandanalog… conversion to digital form using a sampler and ananalog-to-digital converter (ADC). …",1163
Neuromorphic silicon neuron circuits,https://www.frontiersin.org/articles/10.3389/fnins.2011.00073/full,G Indiveri,2011,frontiersin.org,… We compare the differentdesignmethodologies used for each silicon neurondesign…and systemsdesignswill increasingly combine full-customanalogand synthesized digital …,1736
The situated function–behaviour–structure framework,https://www.sciencedirect.com/science/article/pii/S0142694X03000735,JS Gero,2004,Elsevier,… The most explored process of them is reformulation type 1; common examples are case-basedreasoning 7 and structureanalogy8 . Empiricaldesignstudies confirm that the …,1854
Energy-efficient hybridanalogand digital precoding for mmWave MIMO systems with large antenna arrays,https://ieeexplore.ieee.org/abstract/document/7445130/,X Gao,2016,ieeexplore.ieee.org,"… It is worth pointing out that to the best of the authors’ knowledge, our work in this paper isthe first one that considers the hybrid precodingdesignwith sub-connected architecture. The …",1143
"Behaviorism, cognitivism, constructivism: Comparing critical features from an instructionaldesignperspective",https://onlinelibrary.wiley.com/doi/abs/10.1111/j.1937-8327.1993.tb00605.x,PA Ertmer,1993,Wiley Online Library,"… For example, instructionaldesigntextbooks frequently draw ananalogybetween the familiararchitect’s profession and the unfamiliar instructionaldesignprofession to help the novice …",2838
Energy scavenging for mobile and wireless electronics,https://ieeexplore.ieee.org/abstract/document/1401839/,JA Paradiso,2005,ieeexplore.ieee.org,"… Such advances include dynamic optimization of voltage and clock rate, hybridanalog-digitaldesigns, and clever wake-up procedures that keep the electronics mostly inactive. …",3633
[BOOK][B]Digital signal processing: a computer-based approach,https://dl.acm.org/doi/abs/10.5555/572672,SK Mitra- 2001,2001,dl.acm.org,"… , matched filter,designofanalogand IIR digital highpass, bandpass and bandstop filters,more on FIR filters, spectral analysis of random signals and sparse antenna arraydesign. …",4464
[BOOK][B]Digitaldesignand computer architecture,https://books.google.com/books?hl=en&lr=&id=muCcBAAAQBAJ&oi=fnd&pg=PP1&dq=Analogical+Design&ots=tvk4rQ16Bb&sig=2YeszrG9PSwKAxzLo3Y1rzLDbic,S Harris,2015,books.google.com,"… We provide labs that describe how to implement a selection ofdesignson the DE2 Boardusing … class ofanalogcircuits. However, digital circuits are much simpler todesign. By limiting …",1361
Demystifying 3D ICs: The pros and cons of going vertical,https://ieeexplore.ieee.org/abstract/document/1541910/,WR Davis,2005,ieeexplore.ieee.org,"… Currently, SoC solutions limit designers to one fabrication technology for bothanalogand …and to offload increased complexity to theanalogdesigns. Using 3D ICs allows for integrating …",1313
Truenorth:Designand tool flow of a 65 mw 1 million neuron programmable neurosynaptic chip,https://ieeexplore.ieee.org/abstract/document/7229264/,F Akopyan,2015,ieeexplore.ieee.org,"… Heidelberg is a mixedanalog–digitaldesign, where the goal … ) that has 200 thousandanalogneurons and 40 million … network of high input countanalogneural network modules, …",1859
Mesostructuredesignwith gemini surfactants: supercage formation in a three-dimensional hexagonal array,https://www.science.org/doi/abs/10.1126/science.268.5215.1324,Q Huo,1995,science.org,… This mesostructureanalogof a zeolite cage structure does not appear to have a lyotropicsurfactant or lipid liquid crystal mesophase counterpart. Through the modification of gemini …,1044
[BOOK][B]Microwave circuitdesignusing linear and nonlinear techniques,https://books.google.com/books?hl=en&lr=&id=Y0clEAAAQBAJ&oi=fnd&pg=PR17&dq=Analogical+Design&ots=iyqLya0XeB&sig=TV3OUwbqVG8cr1zH3wY70U8SEKM,GD Vendelin,2021,books.google.com,"… Remember that the circuits that we have todesignneed to process these signals in a highlylinearanalogway. As said before, the digital signal codes its information basically in the …",1242
Development of a functional basis fordesign,https://asmedigitalcollection.asme.org/IDETC-CIE/proceedings-abstract/DETC99/261/1097558,RB Stone,1999,asmedigitalcollection.asme.org,"… Thi.s generalization allows the popcorn popper’s functional model to be compared withother products that operate on gases, open ing updesignbyanalogyopportunities. …",1459
[BOOK][B]The practice of medicinal chemistry,https://books.google.com/books?hl=en&lr=&id=Qmt1_DQkCpEC&oi=fnd&pg=PP1&dq=Analogical+Design&ots=YkFtEf3ywN&sig=5AbVxHYt13z3oQlkDnIhOFCGelo,CG Wermuth,2011,books.google.com,"… Hugo Kubinyi is a Medicinal Chemist with 35 years of industrial experience in drugdesign,… seven books on QSAR, drugdesign, chemogenomics, and drug discovery technologies. …",1305
A novel low power and low voltage bulk-input four-quadrantanalogmultiplier in voltage mode,https://www.researchgate.net/profile/Sheema-Soltany/publication/292552592_A_Novel_Low_Power_and_Low_Voltage_Bulk-Input_Four-Quadrant_Analog_Multiplier_in_Voltage_Mode/links/56af371b08ae43a3980fa975/A-Novel-Low-Power-and-Low-Voltage-Bulk-Input-Four-Quadrant-Analog-Multiplier-in-Voltage-Mode.pdf,S Soltany,2016,researchgate.net,"… and low poweranalogmultiplier circuit in voltage mode. In the proposedanalogmultiplier, …Her area of interests includesAnalogICdesigns, Low voltage and low powerAnalogcircuits…",10
Analysis of Heat and Mass Transfer on Cooling Tower Fill,https://core.ac.uk/download/pdf/322598163.pdf,AAR Hakim,2020,core.ac.uk,… theanalogymethod of heat and mass transfer process in the fill. Thedesignandanalogymethod … The differences result between thedesignandanalogymethod shows that there is an …,5
Instructionaldesignmodels for well-structured and III-structured problem-solving learning outcomes,https://link.springer.com/article/10.1007/bf02299613,DH Jonassen - Educational technology research and development,1997,Springer,"… of data for generating thatdesignstructure may includeanalogicalproblems and stories.However, in this model, the problem solvers must frame thedesignproblem, recognize the …",3140
[BOOK][B]Thedesignway: Intentional change in an unpredictable world,https://books.google.com/books?hl=en&lr=&id=lr34DwAAQBAJ&oi=fnd&pg=PR9&dq=Analogical+Design&ots=UFye9qo3R2&sig=gSihL3bfT1Kp5r_SYYSGgNzwaKc,HG Nelson,2014,books.google.com,"…design, such as architectural and interiordesign, industrialdesign, engineeringdesign, graphicdesign, urbandesign…Designwisdom has the ability to shift from ananalogexperience of …",2173
Channel estimation and hybrid precoding for millimeter wave cellular systems,https://ieeexplore.ieee.org/abstract/document/6847111/,A Alkhateeb,2014,ieeexplore.ieee.org,"… In this section, we present a novel hybridanalog/digital based approach for thedesignof amulti-resolution beamforming codebook. Besides considering the RF limitations, namely, the …",2815
Implementation issues in spectrum sensing for cognitive radios,https://ieeexplore.ieee.org/abstract/document/1399240/,D Cabric,2004,ieeexplore.ieee.org,"… functionality will involve thedesignof variousanalog, digital, … Spectrum sensing is bestaddressed as a cross-layerdesign… for spectrum sensing andanalogtechniques for feasible …",4026
Tales of the continuum: A subsampled history ofanalogcircuits,https://ieeexplore.ieee.org/abstract/document/4785653/,TH Lee - IEEE Solid-State Circuits Society Newsletter,2009,ieeexplore.ieee.org,"… single-handedly established the discipline ofanalogICdesign. After receiving his bachelor’s… Research, where his virtuosity at circuitdesignattracted the attention of engineers at one of …",14
Some computer science issues in ubiquitous computing,https://dl.acm.org/doi/abs/10.1145/159544.159617,M Weiser - Communications of the ACM,1993,dl.acm.org,"… thisdesignspace, even with our severe size, weight, and power constraints. A key part of ourdesign… Considerable DSP andanalogdesignwork underlies making these pens effective …",4479
[BOOK][B]Designof pulse oximeters,https://books.google.com/books?hl=en&lr=&id=eQh1DQtvowUC&oi=fnd&pg=PR13&dq=Analogical+Design&ots=zxBevnBnLE&sig=miXcau8AI3N-ieWHE2lxXD9PdbA,JG Webster,1997,books.google.com,… We gleaned much of thedesigninformation from operator's manuals and from patents;periodical literature provided more general information. Rather than giving an exhaustive list of …,1175
[BOOK][B]High linearity RF amplifierdesign,https://dl.acm.org/doi/abs/10.5555/517680,PB Kenington,2000,dl.acm.org,… Special issue on low-voltage low-poweranalogintegrated circuits This paper presentsthedesignof a low-voltage high-frequency operational amplifier implemented in bipolar …,1467
A formal approach to verification of linearanalogcircuits with parameter tolerances,https://ieeexplore.ieee.org/abstract/document/655927/,L Hedrich,1998,ieeexplore.ieee.org,"… in-/output behavior can also be transferred toanalogcircuits. In this paper we will presentan approach to formal verification of linearanalogcircuits. Basically, two circuit descriptions on …",47
Further support for the developmental significance of the quality of the teacher–student relationship,https://www.sciencedirect.com/science/article/pii/S0022440501000747,JN Hughes,2001,Elsevier,"… Although suggestive of a causal role for peer perceptions of the teacher–student relationship,findings from White'sanalogstudies may not generalize to classrooms where teacher–…",959
[BOOK][B]Optimal sampled-data control systems,https://books.google.com/books?hl=en&lr=&id=kIjbBwAAQBAJ&oi=fnd&pg=PA1&dq=Analogical+Design&ots=65v39SgPAJ&sig=TlPT-ARpi0eCwfnBwQ0-lZWqVjQ,T Chen,2012,books.google.com,"… controllerdesign: - Discretize the plant anddesignthe …designis performed in continuoustime, where the performance specifications are most natural. Also, we can expect theanalog…",2858
[BOOK][B]Mental leaps:Analogyin creative thought,https://books.google.com/books?hl=en&lr=&id=8ZRHYv59154C&oi=fnd&pg=PP11&dq=Analogical+Design&ots=tI5AZYkxmV&sig=yMXELj9vvzc59oedetIdWVfG4y0,KJ Holyoak,1996,books.google.com,"… thedesignfor a building, the person uses ananalogyto build a …analogythe three basickinds of constraints onanalogical… First, theanalogyis guided to some extent by direct similarity …",3066
Implications fordesign,https://dl.acm.org/doi/abs/10.1145/1124772.1124855,P Dourish- Proceedings of the SIGCHI conference on Human …,2006,dl.acm.org,"… Laboratory methods can provide certain kinds of answers to certain kinds of questions thatcan shape thedesignof a software system. Byanalogy, ethnography is often conceptualized …",1232
Efficientdesignand assembly of custom TALEN and other TAL effector-based constructs for DNA targeting,https://academic.oup.com/nar/article-abstract/39/12/e82/2411704,T Cermak,2011,academic.oup.com,"… We also describedesignguidelines based on naturally … Using the former, we constructed denovo a functionalanalogof AvrHah1 … construction of a functionalanalogof the avrHah1 TAL …",2834
Designand analysis of a relaxation oscillator-based interface circuit for LVDT,https://ieeexplore.ieee.org/abstract/document/8570819/,H Ganesan,2018,ieeexplore.ieee.org,… Ananalogoutput voltage proportional to displacement is obtained by passing the PWMsignal through a low-pass filter (LPF). Theanalog… an improved circuit whoseanalogoutput is …,11
Fitts' law as a research anddesigntool in human-computer interaction,https://www.tandfonline.com/doi/abs/10.1207/s15327051hci0701_3,IS MacKenzie- Human-computer interaction,1992,Taylor & Francis,"… According to Fitts' law, human movement can be modeled byanalogyto the transmissionof information. Fitts' popular model has been widely adopted in numerous research areas, …",2201
The software radio architecture,https://ieeexplore.ieee.org/abstract/document/393001/,J Mitola - IEEE Communications magazine,1995,ieeexplore.ieee.org,"… As communications technology continues its rapid transition fromanalogto digital, morefunctions of contemporary radio systems are … Contemporary radiodesignsmixanaloghard- …",3885
[BOOK][B]Designof integrated circuits for optical communications,https://books.google.com/books?hl=en&lr=&id=oCaUw-LSt7EC&oi=fnd&pg=PR13&dq=Analogical+Design&ots=DRSQULxuKD&sig=dXP1Aaq1aWK69kkw74nRErxx2OM,B Razavi- 2012,2012,books.google.com,"… ing ofanalogdesign, eg, at the level ofDesignofAnalogCMOS … in thedesignof modernoptical transceivers. Finally, we review the state of the art and the trends in transceiverdesign. …",1812
Management research based on the paradigm of thedesignsciences: the quest for field‐tested and grounded technological rules,https://onlinelibrary.wiley.com/doi/abs/10.1111/j.1467-6486.2004.00430.x,JE Aken - Journal of management studies,2004,Wiley Online Library,"… On the other hand theanalogyhas its dangers, asdesign-oriented research in managementis in several respects more complex thandesign-orientated research in Engineering and …",2466
"[CITATION][C]RF CircuitDesign: Theory & Applications, 2/e",,R Ludwig- 2000,2000,Pearson Education India,,1420
[BOOK][B]Engineeringdesignmethods: strategies for productdesign,https://books.google.com/books?hl=en&lr=&id=QV4XEAAAQBAJ&oi=fnd&pg=PR9&dq=Analogical+Design&ots=AQ1D1KDE1P&sig=GzQ7mBmcmdvlAZEOFjvLSA8P1Rg,N Cross- 2021,2021,books.google.com,"… • Includes new material ondesignthinking anddesignability and new …designeducationand research indesignmethodology,designthinking,designexpertise and the nature ofdesign…",5074
A low-power low-noise CMOS amplifier for neural recording applications,https://ieeexplore.ieee.org/abstract/document/1201998/,RR Harrison,2003,ieeexplore.ieee.org,… Some existing VLSI bioamplifierdesignsuse off-chip … This paper reports on thedesignand testing of a fully inte… will also require ananalogmultiplexer (MUX) andanalog-to-digital …,2226
A digital clock and data recovery architecture for multi-gigabit/s binary links,https://ieeexplore.ieee.org/abstract/document/1661762/,JL Sonntag,2006,ieeexplore.ieee.org,… the results and describe the advantages of digital CDRs overanalogimplementations. … ;5)analogprocess enhancements are not needed; 6) ease of porting adesignacross multiple …,180
[BOOK][B]Op Amp applications handbook,https://books.google.com/books?hl=en&lr=&id=dunqt1rt4sAC&oi=fnd&pg=PP2&dq=Analogical+Design&ots=oZuRku9KX5&sig=emaAo6k09rxU7BJzE5Vv9qrW-Vs,W Jung,2004,books.google.com,"… In short, while this book does indeed cover op amp applications, it also covers a host ofclosely relateddesigntopics, making it a formidable toolkit for theanalogdesigner. The book is …",465
Widely programmable high-frequency continuous-time filters in digital CMOS technology,https://ieeexplore.ieee.org/abstract/document/839910/,S Pavan,2000,ieeexplore.ieee.org,"… values, depending on the transconductordesign(in thedesignreported in this paper, wegive up … Nagaraj, “Modeling of accumulation MOS capacitors foranalogdesignin digital VLSI …",180
Context camera investigation on board the Mars Reconnaissance Orbiter,https://agupubs.onlinelibrary.wiley.com/doi/abs/10.1029/2006JE002808,MC Malin,2007,Wiley Online Library,"… Every effort has been made to simplify thedesignby reducing part count, while meeting the…analogdesign, power subsystem)designsled to a capable system with minimaldesignrisk. …",1301
Near-optimal hybrid processing for massive MIMO systems via matrix decomposition,https://ieeexplore.ieee.org/abstract/document/7914789/,W Ni,2017,ieeexplore.ieee.org,… combined withanalogRF processing enabled by phase shifters. We propose todesignhybridRF and … The constant amplitude constraint ofanalogRF processing results in the matrix …,183
Distributed representations of structure: A theory ofanalogicalaccess and mapping.,https://psycnet.apa.org/record/1997-04806-001,JE Hummel,1997,psycnet.apa.org,… Two general properties of thinking jointly present extremely challengingdesign…analogicalthinking are access and mapping. Access is the process of retrieving a familiar sourceanalog…,1595
[BOOK][B]Reuse Methodology Manual for System-on-a-ChipDesigns: For System-on-a-chipDesigns,https://books.google.com/books?hl=en&lr=&id=QO1x7NC6ejwC&oi=fnd&pg=PR13&dq=Analogical+Design&ots=DqZFlX3eKY&sig=5Pqu23D9-ItK8f4ucsKFPLRO5jo,M Keating,2002,books.google.com,"…designsfor use in an SoCdesignmethodology. These practices are based on our ownexperience in developing reusabledesigns, as well as the experience ofdesign… details ofdesign-…",1122
FPGAdesignmethodology for industrial control systems—A review,https://ieeexplore.ieee.org/abstract/document/4267891/,E Monmasson,2007,ieeexplore.ieee.org,"… called “time to market,” and the expected development in VLSIdesignthat will allowintegrating a full control system with itsanaloginterface in a single chip, also called System-on-a-…",1256
Efficacy and safety of the human glucagon-like peptide-1analogliraglutide in combination with metformin and thiazolidinedione in patients with type 2 diabetes (LEAD …,https://diabetesjournals.org/care/article-abstract/32/7/1224/26658,B Zinman,2009,diabetesjournals.org,"… Liraglutide is a human GLP-1analogwith 97% homology to native GLP-1 (5). Liraglutidehas a half-life in humans of 13 h compared with 1–2 min for native GLP-1, making liraglutide …",1056
[BOOK][B]Compressed sensing: theory and applications,https://books.google.com/books?hl=en&lr=&id=9ccLAQAAQBAJ&oi=fnd&pg=PR7&dq=Analogical+Design&ots=hl0Zlzg3SU&sig=pFZILAjZmdf2hwmZdXtiwR51Vio,YC Eldar,2012,books.google.com,"… low-rank matrices andanalogsignal models, hardwaredesignsof sub-Nyquist converters thatrely … The particulardesignof this volume ensures that it can serve as both a state-of-the-art …",3131
[CITATION][C]The art and practice of structure‐based drugdesign: a molecular modeling perspective,,RS Bohacek,1996,"… , Inc., A Wiley Company New York",,1650
[BOOK][B]Electromagnetic compatibility engineering,https://books.google.com/books?hl=en&lr=&id=2-4WJKxzzigC&oi=fnd&pg=PR23&dq=Analogical+Design&ots=ZVuFPHw_El&sig=sVAHMfN1d3lw05uJadXhiO9HKXY,HW Ott,2011,books.google.com,"… book are applicable to bothanalogand digital circuits operating from below audio frequenciesup to the GHz range. Emphasis is on cost-effective EMCdesigns, with the amount and …",1748
Output impedancedesignof parallel-connected UPS inverters with wireless load-sharing control,https://ieeexplore.ieee.org/abstract/document/1490703/,JM Guerrero,2005,ieeexplore.ieee.org,This paper deals with thedesignof the output impedance of uninterruptible power system (UPS)inverters with parallel-connection capability. In order to avoid the need for any …,1594
[BOOK][B]Designscience methodology for information systems and software engineering,https://link.springer.com/content/pdf/10.1007/978-3-662-43839-8.pdf,R Wieringa- 2014,2014,Springer,"… From this, we generalize byanalogyto the population of similar artifacts. In samplebasedresearch, by contrast, we study samples of population elements and make generalizations …",2266
[BOOK][B]Digital signal processing with field programmable gate arrays,https://link.springer.com/content/pdf/10.1007/978-3-642-45309-0.pdf,U Meyer-Baese,2007,Springer,"… Historically,analogchipdesignyielded smaller die sizes, but now, with the noise …designs,digitaldesignscan often be much more densely integrated thananalogdesigns. This yields …",1539
[BOOK][B]Understanding delta-sigma data converters,https://pdfs.semanticscholar.org/e9e5/b7ab2634445d3c727e96eeb5e136ad18021c.pdf,R Schreier,2005,pdfs.semanticscholar.org,"… Shaping Modulators 1.4 Multi-Stage (Cascade, MASH) Modulators 10 1.5 Bandpass AZModulators 13 1.6 AZ Modulators with Multi-Bit Quantizers 15 1.7 Delta-Sigma Digital-to-Analog…",3061
Designof an RFID-based battery-free programmable sensing platform,https://ieeexplore.ieee.org/abstract/document/4539485/,AP Sample,2008,ieeexplore.ieee.org,… A schematic of the WISPanalogcircuitry is shown in Fig. 3. The WISPanalogfront endslightly … This paper has presented thedesignand experimental results for WISP: a battery-free …,1123
Coronavirus Main Proteinase (3CLpro) Structure: Basis forDesignof Anti-SARS Drugs,https://www.science.org/doi/abs/10.1126/science.1085658,K Anand,2003,science.org,"… This agrees with the P3 side chain of our substrateanalogbeing oriented toward bulk solvent.At the P4 position, there has to be a small amino acid residue such as Ser, Thr, Val, or Pro …",2215
Wavelets and filter banks: Theory anddesign,https://infoscience.epfl.ch/record/33904,M Vetterli,1992,infoscience.epfl.ch,… on ananalogywith the theory of diophantine equations. An alternative approach based onthe theory of continued fractions is also given. We use Ihese results todesignhighly regular …,2882
[BOOK][B]Advanced techniques in RF power amplifierdesign,https://books.google.com/books?hl=en&lr=&id=8KhANPEO88UC&oi=fnd&pg=PR11&dq=Analogical+Design&ots=NDjXEsOMnq&sig=vdK9X9KGsKkD7c9fl4v3TIc-77Y,SC Cripps,2002,books.google.com,"… This simplification of BJT operation is the mainstay of most lowfrequencyanalogBJT circuitdesign, but it has two important flaws in RFPA applications. The first problem concerns the …",1227
Designof linear CMOS transconductance elements,https://ieeexplore.ieee.org/abstract/document/1085428/,A Nedungadi,2003,ieeexplore.ieee.org,… blocks inanalogsignal-processing systems. The objective of this … The proposed circuitsbecome useful in thedesignof CMOS continuoussignal filters provided the transconductance …,498
Comparisons of predictive values of binary medical diagnostic tests for paireddesigns,https://onlinelibrary.wiley.com/doi/abs/10.1111/j.0006-341X.2000.00345.x,W Leisenring,2000,Wiley Online Library,… for the most common studydesignin which each test is … tests using this paired studydesign.The proposed statistic is … statistic can be considered as ananalogof McNemar's test for the …,374
The promise of the maker movement for education,https://docs.lib.purdue.edu/jpeer/vol5/iss1/4/,L Martin- Journal of Pre-College Engineering Education …,2015,docs.lib.purdue.edu,"…designfiles are shareable with complete fidelity through computer networks.Analogdesigns… designer and the person hoping to reproduce thedesign. With digital tools, the original …",1293
[BOOK][B]Principles asynchronous circuitdesign,https://link.springer.com/content/pdf/10.1007/978-1-4757-3385-3.pdf,J Spars,2002,Springer,… • Selection of a future oriented low-power tec1mology enabling future power reduction1hrough integration ofanalogmodules •Designof a speech processor IC yieJding a power …,1550
"Function-oriented synthesis, step economy, and drugdesign",https://pubs.acs.org/doi/abs/10.1021/ar700155p,PA Wender,2008,ACS Publications,… same time allowing for synthetic innovation by targetdesign. …designand synthesis of stableand efficacious laulimalide analogs. Another FOS program has been directed at thedesign…,1323
Designexperiments: Theoretical and methodological challenges in creating complex interventions in classroom settings,https://www.tandfonline.com/doi/pdf/10.1207/s15327809jls0202_2,AL Brown - The journal of the learning sciences,1992,Taylor & Francis,…analogybetween a car and a human body is the eyes and the headlights (surface) whereaslater they think that a betteranalogy… accepting superficialanalogyto using deepanalogyto …,7956
Reliability of the visualanalogscale for measurement of acute pain,https://onlinelibrary.wiley.com/doi/abs/10.1111/j.1553-2712.2001.tb01132.x,PE Bijur,2001,Wiley Online Library,… StudyDesign. An observational prospective cohortdesignwas used to assess the reliabilityof VAS pain measurements. The study was approved by the institutional review boards of …,2836
[BOOK][B]Materials anddesign: the art and science of material selection in productdesign,https://books.google.com/books?hl=en&lr=&id=lyDEACMTtUEC&oi=fnd&pg=PA1&dq=Analogical+Design&ots=MUu50eoS1s&sig=sZ2mN9WRRtZ-DoL6W_i6nOncjgM,MF Ashby,2013,books.google.com,"… closely to the way realdesignis done by real designers, …DesignProcess-Significant newsection on the use of re-cycled materials in products, and the importance of sustainabledesign…",1775
"[BOOK][B]Routing, flow, and capacitydesignin communication and computer networks",https://books.google.com/books?hl=en&lr=&id=AJKGYGweShsC&oi=fnd&pg=PP1&dq=Analogical+Design&ots=hEuOGB849u&sig=XXSjW8UwlugYEcgK0tuloOi5ek8,M Pióro,2004,books.google.com,… Chapter 1 introduces the basic notions and concepts of network modeling anddesignbyproviding ananalogyto airline networks and explaining these concepts through simple …,1550
[BOOK][B]Designthinking,https://books.google.com/books?hl=en&lr=&id=ZjZ3mflzJtUC&oi=fnd&pg=PA1&dq=Analogical+Design&ots=K97cv22AH_&sig=rSclwmrkZWHmEtMiMVJUU6Qipm4,PG Rowe,1991,books.google.com,"… the outcome ofdesignis undeniable in most architectural and urbandesignundertakings. …Here theanalogyserves him well. After all, in thedesignand assembly of electronic circuitry …",2776
Low-power CMOS digitaldesign,https://search.ieice.org/bin/summary.php?id=e75-c_4_371,AP Chandrakasan,1992,search.ieice.org,"… program in the area of integrated RF transceivers, with emphasis on high-speed MOSanalogdesignand low power. During the summer of 1991, he worked with the Advanced …",5819
Effect of out-of-plane properties of a polyimide film on the stress fields in microelectronic structures,https://www.sciencedirect.com/science/article/pii/016766369600021X,J Dolbow,1996,Elsevier,…designvariables that must be tested for a total of twenty-seven trials. Theanalogto thisdesign… use of an experimentaldesignwith fewer trials than the full factorialdesignwithout a loss …,183
[BOOK][B]Video demystified: a handbook for the digital engineer,https://books.google.com/books?hl=en&lr=&id=6dgWB3-rChYC&oi=fnd&pg=PP1&dq=Analogical+Design&ots=1NAnBJMDW5&sig=5OJiwQBn_8oo1BAwMfrvq6r5G-4,K Jack,2011,books.google.com,"… This book can be used by engineers who need or desire to learn about video, VLSIdesign…It is a set of twoanalogsignals, one gray-scale (Y) and one that carries theanalogRY and BY …",1045
The neutron star interior composition explorer (NICER):designand development,https://www.spiedigitallibrary.org/conference-proceedings-of-spie/9905/1/The--Neutron-star-Interior-Composition-Explorer-NICER--design/10.1117/12.2231304.short,KC Gendreau,2016,spiedigitallibrary.org,… Each MPU slice is divided in 2 boards: digital andanalog. They have the same size andare mounted on top of each other via interboard connectors. We will describe each board’s …,544
[BOOK][B]Knowledge asdesign,https://www.taylorfrancis.com/books/mono/10.4324/9781315803067/knowledge-design-david-perkins,DN Perkins,2013,taylorfrancis.com,"… Indeed, sometimes the case that academic information has-or should have-adesign… Whatwas mere data becomesdesign. There is a temptinganalogyhere with Stanley Kubrick's 2001…",1141
"Microelectromechanical systems (MEMS): fabrication,designand applications",https://iopscience.iop.org/article/10.1088/0964-1726/10/6/301/meta,JW Judy- Smart materials and Structures,2001,iopscience.iop.org,… Good examples of the capacitivedesignare the accelerometers produced byAnalogDevicesInc. (figure 17). Note that the sensor and circuits are monolithically integrated onto one chip…,1221
"Function through bio-inspired, synthesis-informeddesign: step-economical syntheses of designed kinase inhibitors",https://pubs.rsc.org/en/content/articlehtml/2014/qo/c4qo00228h,PA Wender,2014,pubs.rsc.org,"… Finally, reductive amination of the cycloheptyl ketone and deprotection of the amineafforded finalanalog19 in 8 steps overall from commercially available starting materials. …",10
ROSETTA3: an object-oriented software suite for the simulation anddesignof macromolecules,https://www.sciencedirect.com/science/article/pii/B9780123812704000196,A Leaver-Fay,2011,Elsevier,"… This chapter describes the requirements for our new architecture, justifies thedesigndecisions, sketches out central classes, and highlights a few of the common tasks that the new …",2145
"[BOOK][B]Design: History, theory and practice of productdesign",https://www.degruyterbrill.com/document/doi/10.1007/3-7643-7681-3_6/html,BE Bürdek,2005,degruyterbrill.com,"… As indicated in our discussion of marking functions, however, experience gathered inanalogproductdesignhas had an undeniable relevance for the new digital product worlds. One …",626
A 1.8-V 1.6-GSample/s 8-b self-calibrating folding ADC with 7.26 ENOB at Nyquist frequency,https://ieeexplore.ieee.org/abstract/document/1362820/,RC Taft,2004,ieeexplore.ieee.org,"… single 1.8-V supply is 245 mAanalog, 185 mA digital, and 90 mA … The use of bestdesignpractices to optimize the ADC linearity … in thedesignof high-speedanalog-to-digital converters. …",179
"[BOOK][B]RF MEMS: theory,design, and technology",https://books.google.com/books?hl=en&lr=&id=A7728XHtmzAC&oi=fnd&pg=PR7&dq=Analogical+Design&ots=Vb_2gehV6v&sig=8Z-A6EtXZtYkG-gc68Jin9FG8vU,GM Rebeiz- 2004,2004,books.google.com,"… netostatic, piezoelectric, or thermaldesigns. The switches can also …design. dCan be extendedto 2 GHz using high-er dielectrics. … In manydesigns, a thermal actuation is coupled with an …",4003
[BOOK][B]The an ofanaloglayout,http://tailieudientu.lrc.tnu.edu.vn/Upload/Collection/brief/brief_52075_56820_2072016151938KNV14001067_Part1.pdf,A Hastings,2001,tailieudientu.lrc.tnu.edu.vn,"The author and publisher ol this book have used their best efforts in preparing this book.These efforts include the development, research, and testing of the theories and programs to …",1625
[BOOK][B]The organic chemistry of drugdesignand drug action,https://books.google.com/books?hl=en&lr=&id=yAbUAgAAQBAJ&oi=fnd&pg=PP1&dq=Analogical+Design&ots=2OxySQwx_n&sig=fJClZ9wlGYpuTSjkU8gnt7MLn3s,RB Silverman,2014,books.google.com,"… It reflects significant changes in the process of drugdesignover the last decade and … ,as well as the mechanism of the multisubstrateanaloginhibitor isoniazid-for slow, tight-binding …",2439
[BOOK][B]Digital control in power electronics,https://books.google.com/books?hl=en&lr=&id=ZYByEAAAQBAJ&oi=fnd&pg=PP1&dq=Analogical+Design&ots=IZ-yNCJbkW&sig=HDrFWS9AX8J83X-EW4tDbtKgMeY,S Buso,2022,books.google.com,"… , without any calculation or sampling delay, passing from ananalogto a digital PWM … theanalogcase, that often compels the designer to adopt a more conservative regulatordesignand …",1338
[BOOK][B]Control systemdesign: an introduction to state-space methods,https://books.google.com/books?hl=en&lr=&id=9WRKZlaCnF8C&oi=fnd&pg=PP1&dq=Analogical+Design&ots=W33NwiFawS&sig=oLmseuN5s2MR3lorNDi1jAMVYi0,B Friedland- 2012,2012,books.google.com,"Addressed not only to students but also to professional engineers and scientists, this volumeintroduces state-space methods for direct applications to control systemdesign, in addition …",2151
A three-dimensional microelectrode array for chronic neural recording,https://ieeexplore.ieee.org/abstract/document/335862/,AC Hoogerwerf,2002,ieeexplore.ieee.org,"… Probe and shank spacings have varied with the differentdesignswe have explored but have… siliconanalogand digital integrated circuitdesign, process development, and thedesign…",525
Organic ferroelectrics,https://www.nature.com/articles/nmat2137,S Horiuchi,2008,nature.com,"… near room temperature, usingdesignprinciples inanalogyto inorganic compounds. These…designflexibility and may therefore facilitate the development of future functional organics. …",1273
Explorations indesignspace: Unconventional electronicsdesignthrough artificial evolution,https://ieeexplore.ieee.org/abstract/document/788489/,A Thompson,2002,ieeexplore.ieee.org,"… betterdesignscan be found. Third, evolutionary algorithms can in practice producedesignsthat … architecture with and without orthodoxdesignconstraints. In the unconstrained case, …",327
Biomechanicaldesignof the Berkeley lower extremity exoskeleton (BLEEX),https://ieeexplore.ieee.org/abstract/document/1618670/,AB Zoss,2006,ieeexplore.ieee.org,"… This paper summarizes thedesignand analysis of the Berkeley lower extremity exoskeleton… The selection of the DOF, critical hardwaredesignaspects, and initial performance measure…",1543
Compressive radar imaging,https://ieeexplore.ieee.org/abstract/document/4250297/,R Baraniuk,2007,ieeexplore.ieee.org,"… ananalogpulse compression sys- Consider a length-N discrete-time signal x of any temfollowedby a high-rateanalog… are received at many receiving thedesignof new, simplified radar …",1321
3-D ICs: A novel chipdesignfor improving deep-submicrometer interconnect performance and systems-on-chip integration,https://ieeexplore.ieee.org/abstract/document/929647/,K Banerjee,2001,ieeexplore.ieee.org,"… andanalogcircuits becomes a challenging problem. Additionally, although SoCdesigns…board (PCB), several high-performance SoCdesignsinvolve very high I/O pin counts, which …",1342
A 10-bit 50-MS/s SAR ADC with a monotonic capacitor switching procedure,https://ieeexplore.ieee.org/abstract/document/5437496/,CC Liu,2010,ieeexplore.ieee.org,"… presents an improved comparatordesignto avoid the linearity … Section II describes thedesignconcept and architecture of the … includedesign, testing, anddesignautomation foranalog…",1575
Absolute quantification by droplet digital PCR versusanalogreal-time PCR,https://www.nature.com/articles/nmeth.2633,CM Hindson,2013,nature.com,"… IKR contributed to initialdesignof experiments and project management. BJH designedexperiments and interpreted data. RLV was responsible fordesign, collection and quality control …",1637
"[BOOK][B]Emotionally durabledesign: objects, experiences and empathy",https://www.taylorfrancis.com/books/mono/10.4324/9781849771092/emotionally-durable-design-jonathan-chapman,J Chapman- 2012,2012,taylorfrancis.com,"… Thisanalogyis founded on the basis that they are both ecosystems, each of which must live… of unsustainable developments in the way wedesign, manufacture and consume objects in …",1370
[BOOK][B]Natural experiments in the social sciences: Adesign-based approach,https://books.google.com/books?hl=en&lr=&id=ThxVBFZJp0UC&oi=fnd&pg=PR14&dq=Analogical+Design&ots=KVPkPmFGpj&sig=FrALodqdiEq9HNZAraLMeTK_9Go,T Dunning- 2012,2012,books.google.com,"… importance of strong researchdesignover complex statistical analysis. … -discontinuitydesigns,and instrumentalvariablesdesigns, … of many of these researchdesigns; and theanalogyto …",1308
Computationaldesignof an enzyme catalyst for a stereoselective bimolecular Diels-Alder reaction,https://www.science.org/doi/abs/10.1126/science.1190239,JB Siegel,2010,science.org,"… the catalytic residues could result in considerably more activedesigns. On the experimentalside, byanalogywith our previous results with computationally designed Kemp eliminases (5…",1173
Communities of practice: Learning as a social system,https://realkm.com/wp-content/uploads/2023/11/COPLSS.pdf,E Wenger- Systems thinker,1998,realkm.com,"…designsbothanalogand digital circuits. The computer drop became a ritual by which theanalog… , to the great satisfaction of his peers in theanaloggang. The corporate world is full of …",5299
A CMOS smart temperature sensor with a 3 inaccuracy of 0.1 C from 55 C to 125 C,https://repository.tudelft.nl/file/File_f0b5e496-0d86-489e-b90e-9800a68deb9c?preview=1,MAP Pertijs,2005,repository.tudelft.nl,"… His research interests includeanalogand mixed-signal … systems for interactive displays,andanalogfront-ends for optical … interests are in thedesignof precisionanalogcircuitry, sigma-…",501
Structure-based strategies for drugdesignand discovery,https://www.science.org/doi/abs/10.1126/science.257.5073.1078,ID Kuntz - Science,1992,science.org,"…analog"" approaches to improve upon initial discoveries. Any of these techniques, singly or incombination, can play a pivotal role in finding new drugs. Can wedesign… is todesigninhibi…",1511
CAP-RAM: A charge-domain in-memory computing 6T-SRAM for accurate and precision-programmable CNN inference,https://ieeexplore.ieee.org/abstract/document/9441013/,Z Chen,2021,ieeexplore.ieee.org,"… One of the keydesignchoices for IMC macro is theanalogcomputing mechanism. Computingin the current domain was first proposed in [9], which accesses multiple 6T SRAM cells …",109
DesignPrinciples for Tamper-Resistant Smartcard Processors.,https://www.usenix.org/legacy/publications/library/proceedings/smartcard99/full_papers/kommerling/kommerling.pdf,O Kömmerling,1999,usenix.org,… During careful security reviews of processordesignsit is often necessary to performdetailedanalogsimulations and tests and it is not sufficient to just study a digital abstraction. …,1044
Static-noise margin analysis of MOS SRAM cells,https://ieeexplore.ieee.org/abstract/document/1052809/,E Seevinck,2003,ieeexplore.ieee.org,… The expressions are useful in predicting the effect of parameter changes on the stabilityas well as in optimizing thedesignof SRAM cells. An easy-to-use SNM simulation method is …,1878
"Low-cost, open source IoT-based SCADA systemdesignusing thinger. IO and ESP32 thing",https://www.mdpi.com/2079-9292/8/8/822,LO Aghenta,2019,mdpi.com,"… The SCADA system proposed in this work is made up ofanalogvoltage and current sensorsfor data acquisition, SparkFun ESP32 Thing micro-controller for receiving, processing and …",191
"Cochlear implants: systemdesign, integration, and evaluation",https://ieeexplore.ieee.org/abstract/document/4664429/,FG Zeng,2008,ieeexplore.ieee.org,"… It usually consists of a digital-to-analogconverter (DAC) and current mirrors. Thedesignofan accurate current source is demanding. In the Nucleus 22 device, the amount of current in …",1105
[BOOK][B]Transformer and inductordesignhandbook,https://www.taylorfrancis.com/books/mono/10.1201/9780203913598/transformer-inductor-design-handbook-colonel-wm-mclyman,CWT McLyman,2004,taylorfrancis.com,"…designexamples than the previous edition. This book offers a practical approach, withdesignexamples fordesign… This book can easily be used todesignlightweight, highfrequency …",2421
[BOOK][B]Fundamentals of modern VLSI devices,https://books.google.com/books?hl=en&lr=&id=cbhIEAAAQBAJ&oi=fnd&pg=PR13&dq=Analogical+Design&ots=MbfqsFHvP6&sig=sIuyuJW-OLMpJHVJiAx6jQZ1tVE,Y Taur,2021,books.google.com,"…designand in the classroom. Covering a variety of recent developments, the internationallyrenowned authors discuss in detail the basic properties anddesigns… (RF) andanalogcircuits …",4951
"[BOOK][B]Handbook of modern sensors: physics,designs, and applications",https://link.springer.com/book/10.1007/978-1-4419-6466-3,J Fraden,2004,Springer,"…designsare revised substantially. Recent ideas and developments have been added, whileobsolete and less importantdesigns… theanalogand digital worlds."" Lawrence Rubin, MIT …",4355
"Si/SiGe epitaxial-base transistors. I. Materials, physics, and circuits",https://ieeexplore.ieee.org/abstract/document/368039/,DL Harame,2002,ieeexplore.ieee.org,… Ge profiledesignpoint is best suited to highspeedanalog…analogcircuitdesign. Heterojunctionbarrier effects (HBE) associated with the SiGe-Si transition are also an importantdesign…,565
"Kepler missiondesign, realized photometric performance, and early science",https://iopscience.iop.org/article/10.1088/2041-8205/713/2/L79/meta,DG Koch,2010,iopscience.iop.org,"… goals formed the basis for thedesignof the mission. … –Sunanalogtransit produces a signalof 84 parts per million (ppm), the ratio of their areas. A central transit of an Earth–Sunanalog…",1193
[BOOK][B]Cellular energy metabolism and its regulation,https://books.google.com/books?hl=en&lr=&id=ahjCQxa-FFEC&oi=fnd&pg=PP1&dq=Analogical+Design&ots=iqBaNYAWhY&sig=eztWX2UFn6mOJL8OougImc9NEoA,BG Luisa,2012,books.google.com,… of thedesignof even the simplest devices. Evolution differs from engineeringdesigninlacking … The closeanalogybetween evolutionarydesignand humandesignis instructively …,1403
[BOOK][B]Thedesignof CMOS radio-frequency integrated circuits,https://books.google.com/books?hl=en&lr=&id=WqdzSq56lSQC&oi=fnd&pg=PR13&dq=Analogical+Design&ots=ds2dKYKZ4O&sig=e90ewFKAuEX3VWKeANuxOkGSBD8,TH Lee,2004,books.google.com,"… vanced graduate course on RF ICdesignat Stanford University. The course was a follow-upto a low-frequencyanalogICdesignclass, and this book therefore assumes that the reader …",6659
The core of 'designthinking'and its application,https://www.sciencedirect.com/science/article/pii/S0142694X11000603,K Dorst-Designstudies,2011,Elsevier,… and proposing a simpleanalogy: that this problem could be approached AS IF they weredealing with organising a good-sized music festival. Thisanalogyimmediately allows further …,2969
A hardware-software codesign methodology for DSP applications,https://ieeexplore.ieee.org/abstract/document/232469/,A Kalavade,2002,ieeexplore.ieee.org,… al models foranalogcomponents such We then make a preliminary hard- as A/D convertersandanalogfront ends waredesigndecision (3) regarding the I are developed in SDF and …,423
Design& development of a GSM based vehicle theft control system,https://ieeexplore.ieee.org/abstract/document/4777326/,BG Nagaraja,2009,ieeexplore.ieee.org,"… This paper deals with thedesign& development of a theft control system for an automobile,… In other words, the circuit functions withanalogsignals. In thedesign, there is a small …",140
Designing future dairy systems for New Zealand using reflexive interactivedesign,https://www.sciencedirect.com/science/article/pii/S0308521X19313289,AJ Romera,2020,Elsevier,"… Our study establisheddesigngoals related to enhancing … ofdesign, arriving at adesignconcept we have called the ‘Agro-ecological Park’. The name was chosen to convey ananalogy…",49
Achieving integration in mixed methodsdesigns—principles and practices,https://onlinelibrary.wiley.com/doi/abs/10.1111/1475-6773.12117,MD Fetters,2013,Wiley Online Library,"… A mixed methods convergentdesignwas utilized to collect quantitative data through a 22-itemACTs beliefs survey using questions with a 100-point visualanalogscale, and qualitative …",5853
Designand end points of clinical trials for patients with progressive prostate cancer and castrate levels of testosterone: recommendations of the Prostate Cancer …,https://ascopubs.org/doi/abs/10.1200/JCO.2007.12.4487,HI Scher,2008,ascopubs.org,"… androgen depletion with GnRHanalogtherapy, and that total …analogadministration,recognizing that, in some patients, testosterone levels might remain suppressed if GnRHanalog…",2524
A Passive UHF RF Identification CMOS Tag IC Using Ferroelectric RAM in 0.35-Technology,https://ieeexplore.ieee.org/abstract/document/4039597/,H Nakamoto,2007,ieeexplore.ieee.org,… He had been engaged in research on high-speedanalogcircuitsdesignfor the optical …His current interests include ultra-high-speedanalogcircuitdesignand mixed-signal ICs. …,394
"Designthinking: Past, present and possible futures",https://onlinelibrary.wiley.com/doi/abs/10.1111/caim.12023,U Johansson‐Sköldberg,2013,Wiley Online Library,"… ,designthinking has been described as the best way to be creative and innovate, whilewithin thedesignrealm,design… In thedesignarea, we find five different discourses of ‘designerly …",1780
"[BOOK][B]Heating, cooling, lighting: Sustainabledesignmethods for architects",https://books.google.com/books?hl=en&lr=&id=WjetCwAAQBAJ&oi=fnd&pg=PR11&dq=Analogical+Design&ots=YPLeyXKJ75&sig=qi17ECwheTRBiOqHefolwiIcpy0,N Lechner,2014,books.google.com,…designsfor sustainable buildings are achieved primarily by the earliest decisions in thedesign… and engineering decisions made after the architecturaldesignof the building has been …,2046
[BOOK][B]Digital control systems,https://books.google.com/books?hl=en&lr=&id=0sT3CAAAQBAJ&oi=fnd&pg=PA1&dq=Analogical+Design&ots=adJVmIFjfY&sig=xvtyamU0B283EYepwpT5vUcUzDM,R Isermann- 2013,2013,books.google.com,… This book is directed to engineers in industry and research and to students of engineeringwho are familiar with the basicdesigntechniques foranaloglinear control systems and who …,1571
Designresearch and the new learning,https://www.jstor.org/stable/1511916,R Buchanan-Designissues,2001,JSTOR,"… Our early theories ofdesignfound expression in grammars and logics ofdesignthinking, butthe newdesignfinds expression in rhetoric … Theanalogyis significant fordesigneducation. …",1742
